name,rhythm_label,target
sound0.wav,"['8th', '16th', '16th', '16th', 'quarter', 'whole', 'whole']","[3, 4, 4, 4, 2, 0, 0]"
sound1.wav,"['half', 'half', 'whole']","[1, 1, 0]"
sound2.wav,"['whole', 'half', '16th', '8th', '16th', 'half']","[0, 1, 4, 3, 4, 1]"
sound3.wav,"['half', '16th', 'half', '8th', 'quarter', 'half', '8th']","[1, 4, 1, 3, 2, 1, 3]"
sound4.wav,"['8th', 'quarter', 'half', '8th', 'quarter', 'whole']","[3, 2, 1, 3, 2, 0]"
sound5.wav,"['whole', '8th', 'quarter', '8th', 'whole']","[0, 3, 2, 3, 0]"
sound6.wav,"['16th', '8th', '16th', 'whole', 'half', 'half']","[4, 3, 4, 0, 1, 1]"
sound7.wav,"['half', 'quarter', 'whole', 'quarter']","[1, 2, 0, 2]"
sound8.wav,"['16th', 'quarter', '8th', 'half', '8th', 'quarter', 'quarter', 'quarter', '16th', '16th', 'quarter']","[4, 2, 3, 1, 3, 2, 2, 2, 4, 4, 2]"
sound9.wav,"['8th', 'half', 'whole', '8th', 'half']","[3, 1, 0, 3, 1]"
